order_id,order_date,customer_id,product_id,quantity
1001,2024-11-07,181,19,2
1002,2024-01-21,297,15,2
1003,2024-06-29,130,1,4
1004,2024-06-11,197,11,2
1005,2024-03-30,198,16,1
1006,2024-08-25,111,18,2
1007,2024-05-29,273,20,2
1008,2024-04-13,147,9,3
1009,2024-10-23,218,10,1
1010,2024-09-11,286,5,1
1011,2024-12-22,175,7,4
1012,2024-10-30,185,3,4
1013,2024-07-07,156,8,1
1014,2024-05-15,133,10,1
1015,2024-06-21,252,2,1
1016,2024-09-21,252,18,1
1017,2024-02-12,256,6,2
1018,2024-10-07,244,20,1
1019,2024-05-29,218,8,1
1020,2024-12-27,258,14,2
1021,2024-08-25,151,10,2
1022,2024-05-29,147,13,3
1023,2024-03-07,276,15,2
1024,2024-04-08,208,1,3
1025,2024-09-15,283,11,1
1026,2024-02-26,246,17,2
1027,2024-10-02,266,6,1
1028,2024-12-25,101,8,2
1029,2024-12-10,181,17,2
1030,2024-01-02,191,15,3
1031,2024-07-25,179,6,1
1032,2024-08-12,246,14,2
1033,2024-05-26,139,15,2
1034,2024-12-18,252,8,4
1035,2024-04-13,239,4,1
1036,2024-06-13,286,3,2
1037,2024-07-25,121,4,2
1038,2024-09-28,141,9,4
1039,2024-01-21,286,3,4
1040,2024-05-02,256,4,1
1041,2024-06-16,269,11,4
1042,2024-02-18,264,8,2
1043,2024-03-16,286,15,1
1044,2024-09-21,246,8,3
1045,2024-11-19,185,14,2
1046,2024-05-24,186,19,4
1047,2024-07-10,281,11,1
1048,2024-05-24,170,14,1
1049,2024-12-07,155,14,1
1050,2024-08-30,170,9,4
1051,2024-11-04,108,7,4
1052,2024-03-25,297,16,4
1053,2024-01-07,145,8,4
1054,2024-07-22,195,7,1
1055,2024-02-01,275,12,2
1056,2024-02-20,152,14,1
1057,2024-07-21,108,19,1
1058,2024-09-26,138,2,1
1059,2024-05-23,227,7,2
1060,2024-06-28,109,1,1
1061,2024-07-06,265,2,2
1062,2024-10-21,122,15,1
1063,2024-01-09,114,3,4
1064,2024-09-01,295,17,2
1065,2024-11-24,162,12,4
1066,2024-02-01,239,11,3
1067,2024-07-30,201,19,1
1068,2024-07-14,242,6,1
1069,2024-01-24,122,10,2
1070,2024-06-22,194,18,2
1071,2024-12-17,207,12,3
1072,2024-04-13,161,6,1
1073,2024-12-09,266,10,1
1074,2024-12-10,251,14,4
1075,2024-01-29,110,1,1
1076,2024-05-17,101,20,3
1077,2024-07-10,272,12,1
1078,2024-07-16,255,8,1
1079,2024-03-06,151,8,4
1080,2024-07-17,218,7,3
1081,2024-02-20,170,2,4
1082,2024-05-12,144,3,1
1083,2024-04-18,135,9,4
1084,2024-04-21,115,19,2
1085,2024-03-29,174,11,4
1086,2024-09-08,243,16,4
1087,2024-02-21,213,4,1
1088,2024-08-29,266,2,3
1089,2024-03-25,118,4,1
1090,2024-05-01,205,3,2
1091,2024-01-02,262,11,3
1092,2024-11-15,105,10,1
1093,2024-09-28,261,14,1
1094,2024-09-28,286,11,3
1095,2024-04-20,246,2,1
1096,2024-10-06,241,13,3
1097,2024-02-22,126,11,1
1098,2024-11-23,131,10,4
1099,2024-04-08,192,18,1
1100,2024-05-02,144,20,1
1101,2024-07-09,249,11,2
1102,2024-10-14,253,16,1
1103,2024-02-08,288,10,2
1104,2024-04-01,268,14,1
1105,2024-05-07,172,4,2
1106,2024-06-04,142,20,2
1107,2024-06-16,120,1,4
1108,2024-12-13,189,20,2
1109,2024-06-26,141,5,2
1110,2024-05-26,206,8,4
1111,2024-05-12,138,15,1
1112,2024-02-16,159,7,2
1113,2024-07-07,253,7,1
1114,2024-04-18,105,3,3
1115,2024-08-01,164,15,2
1116,2024-04-15,170,20,4
1117,2024-10-09,214,13,1
1118,2024-10-12,247,17,2
1119,2024-04-08,252,13,2
1120,2024-05-28,153,6,4
1121,2024-05-06,224,1,4
1122,2024-01-24,211,13,3
1123,2024-12-26,246,2,1
1124,2024-08-30,162,2,1
1125,2024-06-24,187,16,1
1126,2024-06-04,202,3,4
1127,2024-07-03,184,4,2
1128,2024-01-10,183,11,1
1129,2024-02-08,154,8,4
1130,2024-02-12,117,11,2
1131,2024-09-30,137,18,3
1132,2024-07-10,244,17,2
1133,2024-09-18,244,12,1
1134,2024-09-02,188,5,1
1135,2024-07-12,291,19,4
1136,2024-02-22,119,8,1
1137,2024-06-06,237,20,1
1138,2024-12-22,223,9,2
1139,2024-04-25,213,1,2
1140,2024-12-17,193,10,2
1141,2024-02-05,175,5,2
1142,2024-05-31,284,14,3
1143,2024-01-21,115,5,2
1144,2024-01-09,172,15,2
1145,2024-07-05,137,6,4
1146,2024-01-25,124,15,4
1147,2024-03-18,256,13,2
1148,2024-09-09,281,12,4
1149,2024-08-10,214,16,2
1150,2024-09-28,139,15,3
1151,2024-12-24,291,15,1
1152,2024-09-17,119,11,3
1153,2024-02-26,243,19,2
1154,2024-07-15,189,18,1
1155,2024-12-19,277,15,4
1156,2024-05-23,262,10,2
1157,2024-01-06,132,8,4
1158,2024-02-06,169,18,2
1159,2024-03-27,280,8,2
1160,2024-01-06,248,13,4
1161,2024-05-15,150,4,4
1162,2024-10-24,152,9,2
1163,2024-04-01,208,18,4
1164,2024-08-24,218,7,3
1165,2024-06-04,123,20,4
1166,2024-05-22,264,14,2
1167,2024-04-29,150,10,1
1168,2024-01-21,221,19,3
1169,2024-09-11,267,1,4
1170,2024-07-03,159,20,1
1171,2024-05-26,188,18,2
1172,2024-11-20,277,1,4
1173,2024-09-17,151,18,3
1174,2024-06-27,279,16,2
1175,2024-05-09,183,11,1
1176,2024-08-10,203,3,2
1177,2024-12-04,193,9,4
1178,2024-08-25,194,20,1
1179,2024-01-11,297,17,2
1180,2024-12-04,181,18,4
1181,2024-03-20,299,13,2
1182,2024-03-12,177,13,1
1183,2024-11-12,202,3,1
1184,2024-05-02,236,20,1
1185,2024-06-08,114,1,1
1186,2024-09-21,132,4,1
1187,2024-03-14,179,14,1
1188,2024-09-26,239,7,3
1189,2024-09-23,250,5,1
1190,2024-09-21,118,13,1
1191,2024-12-12,133,6,3
1192,2024-05-11,287,17,3
1193,2024-04-05,219,2,3
1194,2024-11-26,298,1,2
1195,2024-05-14,261,10,4
1196,2024-09-25,234,1,4
1197,2024-11-10,205,20,3
1198,2024-11-28,124,19,4
1199,2024-03-05,180,20,3
1200,2024-10-31,188,2,1
1201,2024-01-08,223,16,3
1202,2024-06-16,175,14,1
1203,2024-12-22,278,13,4
1204,2024-01-18,134,11,3
1205,2024-05-27,287,16,2
1206,2024-04-22,184,11,4
1207,2024-07-07,260,15,3
1208,2024-08-29,176,18,1
1209,2024-03-01,159,2,3
1210,2024-11-09,146,19,3
1211,2024-10-24,184,5,1
1212,2024-10-11,209,9,4
1213,2024-03-19,280,16,3
1214,2024-11-24,113,6,3
1215,2024-03-19,238,19,4
1216,2024-05-01,191,9,4
1217,2024-01-08,247,14,2
1218,2024-06-09,211,16,3
1219,2024-07-05,249,3,2
1220,2024-09-28,111,2,1
1221,2024-06-15,114,20,4
1222,2024-09-11,244,2,1
1223,2024-03-10,250,1,1
1224,2024-08-31,254,9,4
1225,2024-04-29,237,7,4
1226,2024-12-22,118,20,1
1227,2024-12-28,271,17,3
1228,2024-09-10,274,17,2
1229,2024-05-13,249,1,3
1230,2024-05-16,256,9,1
1231,2024-03-16,252,16,2
1232,2024-06-08,206,4,4
1233,2024-03-23,282,17,4
1234,2024-06-23,245,8,4
1235,2024-03-09,275,8,1
1236,2024-10-13,221,16,4
1237,2024-12-26,239,10,4
1238,2024-12-09,161,18,4
1239,2024-07-18,143,18,4
1240,2024-12-15,190,15,3
1241,2024-10-14,225,1,3
1242,2024-08-08,182,18,3
1243,2024-07-06,112,17,1
1244,2024-07-11,194,4,4
1245,2024-04-02,241,15,1
1246,2024-02-02,164,18,3
1247,2024-08-04,138,15,1
1248,2024-09-21,183,15,3
1249,2024-06-01,112,14,2
1250,2024-07-01,157,12,2
1251,2024-12-12,210,6,2
1252,2024-01-10,267,20,4
1253,2024-05-14,270,10,1
1254,2024-02-07,157,2,2
1255,2024-05-26,189,3,2
1256,2024-03-05,286,4,3
1257,2024-07-16,279,19,2
1258,2024-10-04,209,2,2
1259,2024-08-12,256,14,3
1260,2024-12-05,163,18,3
1261,2024-11-15,264,4,1
1262,2024-05-20,162,13,4
1263,2024-10-30,126,5,3
1264,2024-05-02,296,15,2
1265,2024-09-27,126,8,1
1266,2024-03-24,253,15,1
1267,2024-11-02,101,8,2
1268,2024-08-21,131,3,1
1269,2024-01-11,131,2,4
1270,2024-06-30,214,9,2
1271,2024-06-17,204,14,1
1272,2024-09-06,223,14,3
1273,2024-05-25,285,15,2
1274,2024-05-27,280,17,2
1275,2024-04-17,227,14,2
1276,2024-10-02,196,18,1
1277,2024-07-02,105,19,1
1278,2024-02-05,154,4,3
1279,2024-06-26,239,20,2
1280,2024-01-02,264,9,3
1281,2024-02-25,194,20,4
1282,2024-09-28,153,1,1
1283,2024-07-16,292,15,1
1284,2024-10-16,115,2,3
1285,2024-03-02,119,4,1
1286,2024-11-16,220,18,1
1287,2024-08-04,187,17,2
1288,2024-11-05,127,5,3
1289,2024-08-29,104,13,4
1290,2024-04-09,253,2,4
1291,2024-05-31,151,1,3
1292,2024-09-24,262,6,2
1293,2024-11-27,213,17,2
1294,2024-09-18,270,11,3
1295,2024-09-12,186,20,1
1296,2024-10-05,125,17,3
1297,2024-01-04,187,7,1
1298,2024-07-17,139,19,3
1299,2024-01-29,153,11,3
1300,2024-07-17,139,7,3
1301,2024-04-12,275,3,2
1302,2024-12-04,284,20,3
1303,2024-12-12,195,19,3
1304,2024-09-29,209,18,1
1305,2024-10-05,119,8,2
1306,2024-03-06,211,10,4
1307,2024-12-17,110,4,3
1308,2024-08-30,286,7,4
1309,2024-04-04,219,2,2
1310,2024-05-02,121,14,1
1311,2024-02-06,176,12,1
1312,2024-07-17,111,19,3
1313,2024-03-27,207,17,2
1314,2024-08-08,253,6,4
1315,2024-12-29,212,2,1
1316,2024-12-13,185,16,1
1317,2024-12-23,253,13,2
1318,2024-05-25,184,10,1
1319,2024-01-23,266,20,4
1320,2024-12-27,193,8,4
1321,2024-04-22,184,13,1
1322,2024-02-14,239,6,3
1323,2024-01-12,272,9,1
1324,2024-02-04,111,13,2
1325,2024-06-05,256,3,4
1326,2024-05-01,154,8,4
1327,2024-01-20,188,1,4
1328,2024-08-05,185,16,3
1329,2024-07-28,220,1,1
1330,2024-12-18,204,1,2
1331,2024-06-14,246,16,2
1332,2024-08-06,221,5,4
1333,2024-01-02,241,11,4
1334,2024-06-18,236,10,3
1335,2024-09-17,270,3,2
1336,2024-05-14,117,17,3
1337,2024-05-02,298,4,3
1338,2024-10-24,143,16,4
1339,2024-06-29,280,4,4
1340,2024-06-22,159,3,3
1341,2024-10-03,103,1,4
1342,2024-06-19,218,12,3
1343,2024-11-02,224,15,4
1344,2024-07-14,157,18,2
1345,2024-12-03,218,4,3
1346,2024-07-11,274,8,2
1347,2024-10-03,191,3,3
1348,2024-08-23,297,20,3
1349,2024-08-06,156,20,1
1350,2024-11-22,157,8,4
1351,2024-07-17,171,14,4
1352,2024-01-25,206,11,4
1353,2024-02-25,212,12,4
1354,2024-08-11,283,7,1
1355,2024-06-05,133,5,4
1356,2024-06-09,225,16,3
1357,2024-02-17,168,18,3
1358,2024-06-14,154,18,3
1359,2024-06-26,293,9,1
1360,2024-10-08,164,20,1
1361,2024-02-25,297,4,4
1362,2024-05-02,220,20,2
1363,2024-03-25,114,9,4
1364,2024-07-04,271,18,2
1365,2024-06-16,176,15,3
1366,2024-05-12,289,14,3
1367,2024-07-19,210,8,1
1368,2024-07-17,179,11,2
1369,2024-04-26,119,6,1
1370,2024-09-27,177,17,4
1371,2024-03-17,194,2,1
1372,2024-06-16,289,2,1
1373,2024-12-11,181,6,2
1374,2024-10-02,170,14,3
1375,2024-01-15,109,7,4
1376,2024-03-21,267,14,3
1377,2024-09-17,256,20,1
1378,2024-01-22,109,9,4
1379,2024-12-11,282,13,3
1380,2024-11-15,105,18,1
1381,2024-04-15,262,13,2
1382,2024-12-21,219,11,2
1383,2024-09-14,120,19,4
1384,2024-01-27,293,7,2
1385,2024-04-14,257,13,1
1386,2024-11-22,195,3,4
1387,2024-01-18,166,1,4
1388,2024-04-24,228,12,4
1389,2024-02-26,150,10,4
1390,2024-01-31,290,11,2
1391,2024-09-15,130,14,2
1392,2024-11-05,185,10,4
1393,2024-06-04,253,12,3
1394,2024-02-22,244,11,3
1395,2024-02-23,157,5,1
1396,2024-05-10,177,10,4
1397,2024-06-18,283,12,1
1398,2024-01-18,260,17,1
1399,2024-07-01,239,2,2
1400,2024-01-27,128,18,3
1401,2024-01-06,274,18,2
1402,2024-11-18,194,10,2
1403,2024-09-02,176,8,2
1404,2024-11-05,137,19,3
1405,2024-12-12,124,14,2
1406,2024-09-15,293,7,2
1407,2024-12-16,158,10,2
1408,2024-03-01,193,7,2
1409,2024-07-09,188,20,1
1410,2024-09-21,169,2,4
1411,2024-10-10,128,19,4
1412,2024-08-03,288,1,1
1413,2024-04-09,286,18,3
1414,2024-05-04,241,6,4
1415,2024-08-16,142,12,4
1416,2024-08-09,169,17,3
1417,2024-01-15,291,3,1
1418,2024-10-23,179,3,3
1419,2024-06-29,106,8,2
1420,2024-04-23,283,6,2
1421,2024-07-23,222,4,4
1422,2024-10-21,106,1,4
1423,2024-12-09,178,17,3
1424,2024-09-03,249,11,2
1425,2024-02-18,268,17,1
1426,2024-01-14,179,1,4
1427,2024-08-17,262,18,4
1428,2024-04-10,212,11,2
1429,2024-12-05,279,2,3
1430,2024-08-23,298,17,2
1431,2024-06-13,105,14,2
1432,2024-12-14,103,1,4
1433,2024-10-09,191,3,1
1434,2024-11-09,219,5,1
1435,2024-02-28,281,10,1
1436,2024-04-06,207,19,4
1437,2024-03-08,240,7,2
1438,2024-02-11,134,1,1
1439,2024-11-11,181,16,1
1440,2024-12-14,112,6,4
1441,2024-01-05,115,15,1
1442,2024-04-23,300,12,3
1443,2024-10-26,190,4,4
1444,2024-12-31,272,6,3
1445,2024-08-24,171,8,2
1446,2024-07-09,175,8,1
1447,2024-01-28,141,9,1
1448,2024-02-03,114,9,4
1449,2024-08-19,276,8,3
1450,2024-08-21,242,14,4
1451,2024-01-13,170,17,4
1452,2024-09-14,136,8,3
1453,2024-03-16,246,2,1
1454,2024-04-10,115,1,3
1455,2024-10-17,211,10,1
1456,2024-07-09,123,6,1
1457,2024-07-18,160,8,1
1458,2024-12-25,240,3,3
1459,2024-01-21,295,6,4
1460,2024-09-07,247,18,2
1461,2024-12-21,221,18,3
1462,2024-03-22,220,9,2
1463,2024-07-28,128,17,4
1464,2024-12-10,104,8,4
1465,2024-08-15,292,17,3
1466,2024-12-01,240,14,4
1467,2024-01-04,158,15,3
1468,2024-07-21,285,17,2
1469,2024-02-20,230,11,1
1470,2024-01-23,159,16,2
1471,2024-01-04,124,4,2
1472,2024-02-09,188,14,1
1473,2024-01-02,216,8,4
1474,2024-06-17,170,10,3
1475,2024-03-11,294,6,1
1476,2024-08-13,255,18,3
1477,2024-06-15,220,19,4
1478,2024-02-16,215,13,3
1479,2024-08-29,297,16,2
1480,2024-07-12,111,20,2
1481,2024-02-09,219,16,2
1482,2024-02-01,103,7,2
1483,2024-10-21,106,13,4
1484,2024-03-13,102,14,2
1485,2024-05-04,103,3,3
1486,2024-01-28,152,10,2
1487,2024-08-25,163,3,1
1488,2024-12-27,104,13,4
1489,2024-04-02,217,13,3
1490,2024-06-15,199,13,4
1491,2024-12-01,278,10,1
1492,2024-01-18,145,17,2
1493,2024-06-28,123,15,1
1494,2024-12-06,129,5,1
1495,2024-10-23,280,4,1
1496,2024-09-14,139,10,2
1497,2024-07-13,113,1,1
1498,2024-05-01,187,12,1
1499,2024-07-01,224,20,1
1500,2024-01-22,184,3,2
1501,2024-08-02,259,6,3
1502,2024-06-05,146,8,3
1503,2024-10-05,296,18,3
1504,2024-03-15,106,10,2
1505,2024-11-29,239,5,4
1506,2024-05-31,287,15,3
1507,2024-06-17,259,8,4
1508,2024-09-20,119,11,2
1509,2024-06-04,297,18,2
1510,2024-07-16,162,10,1
1511,2024-10-20,152,4,3
1512,2024-03-19,271,5,2
1513,2024-07-31,212,18,3
1514,2024-02-09,283,13,4
1515,2024-12-26,111,12,4
1516,2024-05-28,300,17,2
1517,2024-03-12,134,16,2
1518,2024-05-01,145,17,2
1519,2024-01-20,232,11,1
1520,2024-02-18,114,6,1
1521,2024-05-07,179,19,4
1522,2024-11-30,294,9,1
1523,2024-03-04,130,15,4
1524,2024-03-26,139,11,4
1525,2024-03-09,239,3,1
1526,2024-09-30,262,19,1
1527,2024-10-23,212,19,3
1528,2024-09-27,124,16,3
1529,2024-11-22,287,15,3
1530,2024-02-06,116,19,2
1531,2024-04-05,187,15,4
1532,2024-04-12,222,12,2
1533,2024-03-09,181,18,4
1534,2024-06-04,260,20,1
1535,2024-10-05,173,7,4
1536,2024-07-14,244,1,3
1537,2024-07-12,164,12,1
1538,2024-10-31,181,13,3
1539,2024-12-15,207,16,1
1540,2024-03-20,267,8,1
1541,2024-03-27,257,3,4
1542,2024-05-24,108,19,3
1543,2024-02-27,270,16,1
1544,2024-03-21,163,7,4
1545,2024-09-14,137,16,2
1546,2024-04-19,261,2,2
1547,2024-04-26,130,17,3
1548,2024-09-23,101,15,4
1549,2024-10-28,268,4,2
1550,2024-05-26,259,3,2
1551,2024-07-21,141,10,3
1552,2024-06-06,162,6,3
1553,2024-10-22,249,11,3
1554,2024-07-29,207,4,4
1555,2024-02-24,276,10,3
1556,2024-02-28,198,13,2
1557,2024-10-31,146,11,1
1558,2024-07-22,195,2,2
1559,2024-03-07,131,11,2
1560,2024-04-16,143,15,1
1561,2024-07-08,205,8,4
1562,2024-04-24,254,11,2
1563,2024-02-12,162,7,1
1564,2024-04-21,247,8,1
1565,2024-09-29,182,13,2
1566,2024-12-06,199,10,2
1567,2024-02-12,139,7,2
1568,2024-09-24,119,19,2
1569,2024-11-19,149,2,4
1570,2024-06-05,232,4,2
1571,2024-03-31,291,1,1
1572,2024-04-13,273,13,1
1573,2024-09-18,262,15,1
1574,2024-12-19,290,15,2
1575,2024-09-16,190,15,3
1576,2024-07-30,148,19,4
1577,2024-03-14,105,15,3
1578,2024-06-07,146,4,3
1579,2024-08-04,267,5,4
1580,2024-09-12,120,16,4
1581,2024-07-06,208,18,4
1582,2024-06-02,185,16,3
1583,2024-01-04,172,7,3
1584,2024-09-11,180,3,1
1585,2024-03-26,172,20,2
1586,2024-08-26,112,3,2
1587,2024-05-24,290,6,2
1588,2024-11-26,140,17,3
1589,2024-01-01,144,4,1
1590,2024-03-05,210,14,1
1591,2024-08-11,170,10,1
1592,2024-12-05,285,13,2
1593,2024-01-24,112,11,4
1594,2024-07-09,215,15,1
1595,2024-04-01,288,18,4
1596,2024-03-03,197,14,4
1597,2024-11-08,231,20,3
1598,2024-01-06,243,12,1
1599,2024-02-07,287,4,2
1600,2024-07-27,110,10,2
1601,2024-01-13,291,7,4
1602,2024-04-19,265,13,1
1603,2024-08-19,142,9,3
1604,2024-11-23,141,11,1
1605,2024-02-14,290,19,4
1606,2024-10-28,137,18,2
1607,2024-09-02,193,17,1
1608,2024-05-28,297,4,2
1609,2024-01-31,285,1,3
1610,2024-08-30,138,3,2
1611,2024-01-29,258,20,2
1612,2024-11-05,166,3,4
1613,2024-02-19,233,19,2
1614,2024-07-29,263,13,4
1615,2024-11-02,102,13,4
1616,2024-07-20,264,15,4
1617,2024-09-23,234,3,2
1618,2024-04-16,105,5,4
1619,2024-03-06,260,10,3
1620,2024-07-18,258,13,2
1621,2024-09-05,178,9,2
1622,2024-04-29,251,18,4
1623,2024-06-02,270,14,1
1624,2024-08-30,129,18,1
1625,2024-12-10,211,5,2
1626,2024-01-09,123,11,3
1627,2024-02-27,285,3,1
1628,2024-10-30,234,1,1
1629,2024-04-07,266,11,1
1630,2024-05-11,135,16,1
1631,2024-04-10,269,20,1
1632,2024-07-03,286,7,2
1633,2024-12-25,215,1,3
1634,2024-01-10,168,5,2
1635,2024-03-31,181,11,3
1636,2024-04-01,117,17,2
1637,2024-04-26,130,2,4
1638,2024-05-02,251,17,2
1639,2024-06-24,196,15,2
1640,2024-06-23,153,10,4
1641,2024-03-27,164,17,1
1642,2024-03-17,126,3,3
1643,2024-04-26,219,11,4
1644,2024-02-25,236,12,4
1645,2024-03-20,105,19,1
1646,2024-03-16,131,15,3
1647,2024-08-27,225,14,2
1648,2024-07-21,146,15,3
1649,2024-01-12,288,12,2
1650,2024-06-17,183,16,3
1651,2024-11-15,160,11,4
1652,2024-03-15,190,6,3
1653,2024-05-12,295,12,2
1654,2024-08-02,206,18,3
1655,2024-02-14,287,15,1
1656,2024-11-27,242,13,4
1657,2024-09-26,253,19,1
1658,2024-07-17,152,18,4
1659,2024-07-15,217,12,3
1660,2024-07-10,247,19,1
1661,2024-01-14,185,2,1
1662,2024-04-30,169,8,2
1663,2024-12-09,177,3,2
1664,2024-09-16,182,12,2
1665,2024-05-06,164,19,2
1666,2024-07-27,119,19,3
1667,2024-01-03,106,19,2
1668,2024-10-16,187,10,1
1669,2024-12-02,232,6,3
1670,2024-03-27,103,11,3
1671,2024-12-07,280,17,3
1672,2024-03-18,223,16,2
1673,2024-12-26,108,2,4
1674,2024-04-09,189,17,1
1675,2024-10-15,222,18,1
1676,2024-01-31,235,1,3
1677,2024-10-17,266,16,4
1678,2024-05-24,213,17,3
1679,2024-08-06,232,11,1
1680,2024-02-22,268,8,2
1681,2024-12-30,139,1,4
1682,2024-09-16,119,19,1
1683,2024-03-31,188,2,1
1684,2024-03-07,286,3,1
1685,2024-02-14,127,12,2
1686,2024-12-20,286,14,2
1687,2024-08-22,281,2,2
1688,2024-04-23,285,13,1
1689,2024-02-08,279,18,4
1690,2024-04-24,281,20,3
1691,2024-09-28,240,4,4
1692,2024-09-19,236,12,3
1693,2024-02-15,214,12,3
1694,2024-04-10,280,15,3
1695,2024-02-11,219,15,1
1696,2024-08-02,264,7,3
1697,2024-07-22,232,8,3
1698,2024-02-29,299,1,3
1699,2024-12-25,214,9,1
1700,2024-09-10,263,10,1
1701,2024-07-25,104,11,1
1702,2024-09-27,259,11,3
1703,2024-08-13,275,16,1
1704,2024-08-15,136,12,2
1705,2024-06-05,246,3,3
1706,2024-06-09,159,18,3
1707,2024-05-19,118,7,4
1708,2024-03-01,207,11,3
1709,2024-03-01,151,14,1
1710,2024-09-28,289,17,4
1711,2024-12-20,210,15,4
1712,2024-06-16,274,3,3
1713,2024-09-12,107,1,2
1714,2024-10-01,239,16,4
1715,2024-09-04,140,1,3
1716,2024-09-03,286,14,3
1717,2024-04-10,239,10,2
1718,2024-05-17,271,20,4
1719,2024-10-03,107,20,2
1720,2024-07-07,184,2,1
1721,2024-06-14,177,5,1
1722,2024-06-07,171,11,4
1723,2024-04-08,298,13,3
1724,2024-04-28,178,5,2
1725,2024-10-13,241,9,2
1726,2024-01-31,112,18,1
1727,2024-12-08,177,12,3
1728,2024-10-08,180,15,4
1729,2024-06-21,286,12,3
1730,2024-05-11,154,5,4
1731,2024-10-25,167,16,4
1732,2024-06-01,241,3,2
1733,2024-06-25,203,16,2
1734,2024-12-06,133,10,1
1735,2024-07-05,247,16,2
1736,2024-02-18,293,18,1
1737,2024-04-13,246,10,1
1738,2024-06-29,271,15,3
1739,2024-10-19,231,7,2
1740,2024-06-16,248,1,1
1741,2024-08-04,192,4,4
1742,2024-09-26,133,20,2
1743,2024-03-06,184,17,4
1744,2024-03-06,107,7,1
1745,2024-11-14,267,16,3
1746,2024-10-08,281,10,3
1747,2024-08-13,290,16,4
1748,2024-05-13,288,20,1
1749,2024-07-10,203,14,1
1750,2024-11-07,249,18,3
1751,2024-03-13,139,8,2
1752,2024-09-03,213,13,3
1753,2024-05-22,204,8,2
1754,2024-01-24,191,6,2
1755,2024-05-15,157,15,2
1756,2024-08-15,136,12,1
1757,2024-05-21,124,1,4
1758,2024-11-30,280,2,1
1759,2024-09-19,164,11,3
1760,2024-07-24,109,2,2
1761,2024-01-04,183,20,3
1762,2024-02-19,271,15,2
1763,2024-10-23,255,13,1
1764,2024-12-19,206,12,3
1765,2024-11-03,233,5,1
1766,2024-02-16,108,7,3
1767,2024-12-30,132,1,2
1768,2024-01-30,293,19,4
1769,2024-02-18,259,20,1
1770,2024-08-16,265,5,4
1771,2024-06-10,222,13,2
1772,2024-03-15,289,11,4
1773,2024-05-07,206,11,3
1774,2024-08-03,114,10,4
1775,2024-07-26,246,4,4
1776,2024-08-16,149,9,1
1777,2024-05-24,208,10,1
1778,2024-12-20,106,17,3
1779,2024-09-12,253,12,3
1780,2024-07-12,159,10,2
1781,2024-11-30,116,8,4
1782,2024-11-19,207,13,4
1783,2024-08-28,184,5,1
1784,2024-01-09,174,11,2
1785,2024-12-26,279,2,1
1786,2024-09-09,119,9,3
1787,2024-08-02,111,10,2
1788,2024-06-02,140,6,1
1789,2024-06-21,220,11,3
1790,2024-12-08,230,14,4
1791,2024-06-03,282,15,4
1792,2024-12-02,215,6,3
1793,2024-09-15,281,3,4
1794,2024-07-12,213,17,3
1795,2024-06-16,142,13,3
1796,2024-08-08,219,11,1
1797,2024-05-26,185,6,2
1798,2024-10-31,234,16,3
1799,2024-02-01,247,11,4
1800,2024-04-27,281,3,3
1801,2024-07-14,253,7,3
1802,2024-08-30,147,18,2
1803,2024-10-23,185,17,3
1804,2024-04-14,262,18,1
1805,2024-02-03,135,10,1
1806,2024-03-15,161,15,4
1807,2024-08-05,203,7,2
1808,2024-09-17,137,13,4
1809,2024-02-13,262,12,2
1810,2024-04-05,196,5,4
1811,2024-01-06,128,14,4
1812,2024-12-18,254,1,2
1813,2024-04-28,285,18,1
1814,2024-05-18,245,14,2
1815,2024-02-27,115,3,1
1816,2024-06-28,251,17,2
1817,2024-06-13,229,6,2
1818,2024-10-07,259,7,1
1819,2024-08-02,243,12,3
1820,2024-04-02,278,12,2
1821,2024-05-11,107,17,2
1822,2024-04-16,144,4,3
1823,2024-06-15,300,16,3
1824,2024-01-07,215,18,4
1825,2024-01-23,224,12,4
1826,2024-07-12,181,18,3
1827,2024-10-26,175,15,1
1828,2024-01-06,285,16,2
1829,2024-02-16,162,12,3
1830,2024-07-09,219,19,1
1831,2024-11-20,202,12,3
1832,2024-04-18,258,14,3
1833,2024-08-08,270,13,1
1834,2024-02-24,250,19,2
1835,2024-03-26,229,7,1
1836,2024-07-14,201,8,1
1837,2024-03-29,107,19,2
1838,2024-10-01,112,9,1
1839,2024-01-15,105,18,1
1840,2024-01-05,231,7,2
1841,2024-02-23,164,4,1
1842,2024-06-06,277,11,3
1843,2024-10-05,116,13,3
1844,2024-05-30,109,14,4
1845,2024-01-01,200,20,4
1846,2024-02-28,166,14,1
1847,2024-04-23,187,20,4
1848,2024-09-16,170,5,2
1849,2024-06-12,183,8,2
1850,2024-12-19,267,7,2
1851,2024-06-29,193,19,1
1852,2024-03-01,174,8,1
1853,2024-11-17,276,15,4
1854,2024-12-11,211,9,1
1855,2024-01-18,143,14,3
1856,2024-04-30,292,5,1
1857,2024-08-21,103,18,2
1858,2024-09-29,292,8,4
1859,2024-09-20,103,4,4
1860,2024-04-21,270,7,4
1861,2024-06-25,166,6,4
1862,2024-01-12,289,9,2
1863,2024-01-28,299,18,3
1864,2024-11-12,249,5,3
1865,2024-04-26,182,13,3
1866,2024-11-04,224,2,4
1867,2024-08-31,116,5,4
1868,2024-11-20,235,3,3
1869,2024-02-22,142,16,2
1870,2024-07-19,205,1,1
1871,2024-02-27,142,14,4
1872,2024-12-20,174,11,1
1873,2024-03-30,268,16,2
1874,2024-10-07,201,14,4
1875,2024-06-14,150,20,1
1876,2024-09-14,281,13,2
1877,2024-04-29,253,16,1
1878,2024-10-31,236,19,4
1879,2024-12-21,250,18,2
1880,2024-10-16,134,1,1
1881,2024-04-18,281,20,4
1882,2024-01-17,113,14,4
1883,2024-05-19,228,1,3
1884,2024-02-08,185,2,4
1885,2024-05-24,219,19,4
1886,2024-06-20,255,15,4
1887,2024-04-16,232,18,4
1888,2024-09-08,296,18,4
1889,2024-07-29,229,17,1
1890,2024-03-26,160,20,3
1891,2024-05-28,280,15,1
1892,2024-07-26,293,20,1
1893,2024-01-11,109,19,2
1894,2024-05-26,273,9,3
1895,2024-11-11,268,11,1
1896,2024-09-23,122,9,2
1897,2024-03-01,108,18,4
1898,2024-10-06,213,9,4
1899,2024-06-08,145,15,4
1900,2024-09-20,217,20,3
1901,2024-03-23,174,17,1
1902,2024-03-08,250,1,4
1903,2024-12-30,207,3,3
1904,2024-09-19,251,16,1
1905,2024-02-24,143,17,4
1906,2024-10-26,134,1,4
1907,2024-02-05,295,19,1
1908,2024-05-31,115,5,3
1909,2024-01-22,230,5,1
1910,2024-07-22,163,16,2
1911,2024-08-25,215,15,4
1912,2024-02-23,153,16,3
1913,2024-08-01,282,20,3
1914,2024-05-17,202,1,4
1915,2024-10-09,169,6,4
1916,2024-12-21,104,12,3
1917,2024-06-30,189,18,3
1918,2024-01-21,178,3,4
1919,2024-08-31,106,5,1
1920,2024-11-11,165,16,2
1921,2024-09-13,176,12,1
1922,2024-11-27,181,5,1
1923,2024-09-27,265,6,3
1924,2024-11-03,269,20,2
1925,2024-02-04,292,10,2
1926,2024-01-22,246,6,2
1927,2024-12-12,115,6,4
1928,2024-03-01,290,20,2
1929,2024-09-26,214,5,1
1930,2024-07-18,200,17,3
1931,2024-10-02,105,6,2
1932,2024-06-20,228,5,2
1933,2024-05-19,104,3,4
1934,2024-03-24,191,12,4
1935,2024-05-01,174,17,4
1936,2024-08-02,128,7,3
1937,2024-12-26,292,14,1
1938,2024-09-06,107,8,2
1939,2024-05-19,240,16,4
1940,2024-12-24,230,18,3
1941,2024-09-03,239,12,4
1942,2024-04-23,190,5,4
1943,2024-04-14,282,12,1
1944,2024-12-20,133,14,1
1945,2024-06-09,177,13,4
1946,2024-06-03,178,4,1
1947,2024-04-08,283,3,2
1948,2024-02-27,282,15,4
1949,2024-03-29,198,4,1
1950,2024-12-28,291,17,2
1951,2024-01-23,177,19,1
1952,2024-01-05,157,13,2
1953,2024-05-19,191,3,4
1954,2024-05-18,126,6,1
1955,2024-01-22,262,13,2
1956,2024-03-08,263,6,1
1957,2024-11-05,122,9,4
1958,2024-12-02,120,19,2
1959,2024-02-08,135,13,1
1960,2024-02-07,116,4,1
1961,2024-08-06,139,14,3
1962,2024-02-13,188,14,4
1963,2024-11-27,165,11,3
1964,2024-08-04,235,11,2
1965,2024-12-08,279,14,3
1966,2024-08-27,103,7,2
1967,2024-12-06,244,16,2
1968,2024-02-12,105,2,4
1969,2024-01-11,205,20,1
1970,2024-07-13,217,18,2
1971,2024-07-27,195,7,4
1972,2024-01-10,169,8,3
1973,2024-02-18,110,2,4
1974,2024-05-26,147,11,3
1975,2024-07-21,232,7,3
1976,2024-07-28,227,1,4
1977,2024-07-22,258,16,3
1978,2024-04-15,112,14,1
1979,2024-07-15,247,4,1
1980,2024-05-17,162,11,1
1981,2024-09-10,248,5,2
1982,2024-08-14,221,5,1
1983,2024-05-10,254,8,4
1984,2024-04-27,123,18,2
1985,2024-02-17,168,6,3
1986,2024-11-11,148,12,2
1987,2024-05-30,125,14,3
1988,2024-03-26,112,11,4
1989,2024-06-27,143,1,2
1990,2024-04-13,257,3,1
1991,2024-09-03,224,7,3
1992,2024-12-19,173,6,2
1993,2024-05-18,169,17,4
1994,2024-08-27,201,15,2
1995,2024-10-27,121,14,3
1996,2024-04-18,104,20,1
1997,2024-02-13,274,7,3
1998,2024-03-12,286,14,3
1999,2024-10-18,218,20,1
2000,2024-07-10,141,10,2
2001,2024-06-11,140,2,2
2002,2024-11-17,269,4,1
2003,2024-06-17,115,18,3
2004,2024-06-26,235,6,4
2005,2024-06-07,294,16,1
2006,2024-03-18,234,15,4
2007,2024-12-12,285,13,1
2008,2024-04-28,276,11,2
2009,2024-10-15,183,8,1
2010,2024-03-27,283,20,3
2011,2024-09-19,167,5,1
2012,2024-01-05,184,6,1
2013,2024-10-29,151,2,4
2014,2024-04-18,233,9,2
2015,2024-08-12,204,12,2
2016,2024-08-06,241,11,4
2017,2024-10-02,125,12,2
2018,2024-02-21,175,5,2
2019,2024-02-02,280,4,1
2020,2024-01-18,278,4,3
2021,2024-01-31,215,11,4
2022,2024-06-08,112,16,1
2023,2024-05-08,234,17,3
2024,2024-07-23,264,5,3
2025,2024-05-21,181,13,4
2026,2024-08-12,200,16,2
2027,2024-08-22,266,3,2
2028,2024-07-06,268,17,3
2029,2024-07-23,174,4,2
2030,2024-11-17,265,14,2
2031,2024-08-20,212,20,1
2032,2024-05-11,221,15,3
2033,2024-11-19,242,17,1
2034,2024-11-01,244,15,3
2035,2024-08-10,131,6,1
2036,2024-01-16,171,19,1
2037,2024-08-31,151,19,4
2038,2024-02-17,263,7,4
2039,2024-10-21,140,11,4
2040,2024-04-30,216,15,3
2041,2024-09-01,268,9,4
2042,2024-12-27,166,13,4
2043,2024-01-04,242,8,2
2044,2024-06-13,268,14,4
2045,2024-09-20,223,11,4
2046,2024-01-18,263,10,4
2047,2024-08-13,245,3,1
2048,2024-03-10,158,5,2
2049,2024-08-06,159,6,4
2050,2024-12-15,256,15,4
2051,2024-10-11,230,3,2
2052,2024-09-09,152,17,4
2053,2024-09-05,247,6,4
2054,2024-04-22,288,19,3
2055,2024-06-24,156,15,2
2056,2024-08-26,268,2,4
2057,2024-08-05,254,7,3
2058,2024-11-27,102,17,4
2059,2024-04-18,198,8,3
2060,2024-03-26,254,2,3
2061,2024-10-23,206,10,4
2062,2024-12-28,201,3,2
2063,2024-03-10,161,7,1
2064,2024-07-24,250,15,2
2065,2024-10-01,142,17,1
2066,2024-02-26,213,4,2
2067,2024-03-18,206,5,3
2068,2024-10-07,172,4,1
2069,2024-11-27,199,10,2
2070,2024-04-25,200,5,4
2071,2024-08-07,290,8,1
2072,2024-07-02,221,18,1
2073,2024-07-21,204,2,4
2074,2024-08-06,173,4,2
2075,2024-11-30,181,10,1
2076,2024-08-27,238,9,4
2077,2024-01-04,148,6,3
2078,2024-09-26,109,3,1
2079,2024-01-16,279,9,3
2080,2024-01-03,245,11,3
2081,2024-06-16,154,19,2
2082,2024-02-01,282,9,3
2083,2024-12-26,231,10,4
2084,2024-12-04,278,17,2
2085,2024-12-19,218,19,3
2086,2024-07-11,298,7,3
2087,2024-02-29,139,7,3
2088,2024-11-17,284,15,2
2089,2024-07-16,141,5,1
2090,2024-04-16,293,16,3
2091,2024-09-17,252,17,4
2092,2024-09-17,266,6,1
2093,2024-11-19,192,19,1
2094,2024-06-12,220,3,3
2095,2024-09-27,133,16,4
2096,2024-05-26,241,20,3
2097,2024-11-22,114,20,3
2098,2024-10-03,151,4,4
2099,2024-04-22,260,11,4
2100,2024-01-14,268,12,2
2101,2024-04-29,278,13,2
2102,2024-06-16,141,6,2
2103,2024-03-20,101,2,2
2104,2024-12-28,266,9,2
2105,2024-04-12,117,16,4
2106,2024-12-19,224,10,1
2107,2024-10-12,292,12,3
2108,2024-09-29,150,5,1
2109,2024-03-01,262,11,4
2110,2024-12-03,104,5,3
2111,2024-09-29,140,10,2
2112,2024-04-24,238,15,3
2113,2024-03-31,174,20,3
2114,2024-03-31,294,13,1
2115,2024-04-25,103,1,3
2116,2024-02-23,161,16,4
2117,2024-07-16,288,18,4
2118,2024-07-28,262,9,1
2119,2024-04-16,167,18,2
2120,2024-11-10,152,8,4
2121,2024-05-25,264,17,1
2122,2024-12-17,291,16,3
2123,2024-09-06,128,18,2
2124,2024-03-21,250,13,4
2125,2024-02-20,235,14,1
2126,2024-05-13,117,19,4
2127,2024-11-10,232,6,2
2128,2024-02-20,115,10,1
2129,2024-05-19,220,9,1
2130,2024-10-03,188,14,3
2131,2024-04-20,136,11,3
2132,2024-06-04,101,8,3
2133,2024-07-16,102,20,2
2134,2024-09-23,156,2,3
2135,2024-09-06,240,19,2
2136,2024-05-21,198,15,3
2137,2024-03-11,260,2,4
2138,2024-11-07,131,8,2
2139,2024-02-14,297,1,1
2140,2024-11-24,180,15,3
2141,2024-11-27,149,8,2
2142,2024-11-18,137,15,3
2143,2024-08-16,251,5,2
2144,2024-07-12,119,18,4
2145,2024-01-04,101,15,2
2146,2024-06-17,273,7,2
2147,2024-03-03,205,13,3
2148,2024-08-24,298,17,1
2149,2024-09-23,231,9,3
2150,2024-03-01,166,14,2
2151,2024-11-18,206,1,4
2152,2024-06-18,260,6,2
2153,2024-12-19,156,14,1
2154,2024-03-09,251,12,2
2155,2024-04-05,211,14,4
2156,2024-02-04,117,1,1
2157,2024-08-23,112,4,4
2158,2024-06-22,229,8,3
2159,2024-02-20,234,4,1
2160,2024-08-27,102,10,3
2161,2024-05-09,300,20,2
2162,2024-11-29,254,10,3
2163,2024-05-29,258,19,1
2164,2024-03-17,248,20,1
2165,2024-02-23,283,12,2
2166,2024-11-17,130,4,1
2167,2024-03-16,105,3,1
2168,2024-02-24,157,12,2
2169,2024-10-22,140,4,4
2170,2024-02-25,128,14,2
2171,2024-05-28,278,8,1
2172,2024-09-18,187,5,4
2173,2024-09-26,171,10,4
2174,2024-07-10,130,19,3
2175,2024-01-17,198,5,4
2176,2024-04-28,182,8,1
2177,2024-10-21,107,8,2
2178,2024-10-17,103,13,1
2179,2024-07-13,224,19,1
2180,2024-01-17,227,8,2
2181,2024-10-16,293,4,4
2182,2024-08-31,241,9,3
2183,2024-11-17,113,19,4
2184,2024-01-25,274,3,1
2185,2024-07-16,232,14,3
2186,2024-12-13,274,9,3
2187,2024-05-02,193,6,3
2188,2024-11-09,206,5,3
2189,2024-02-21,250,2,4
2190,2024-04-12,219,4,3
2191,2024-04-19,117,15,3
2192,2024-08-30,193,8,4
2193,2024-07-19,185,9,3
2194,2024-06-09,272,12,4
2195,2024-01-13,290,18,1
2196,2024-11-30,276,6,3
2197,2024-01-12,212,12,2
2198,2024-01-13,194,15,2
2199,2024-09-27,168,8,4
2200,2024-09-29,249,18,2
2201,2024-05-07,169,19,1
2202,2024-03-31,239,16,1
2203,2024-11-09,180,18,1
2204,2024-12-31,178,9,2
2205,2024-07-20,226,9,4
2206,2024-06-19,201,11,3
2207,2024-11-24,222,1,1
2208,2024-05-01,295,11,3
2209,2024-06-18,287,7,1
2210,2024-12-08,204,18,1
2211,2024-04-14,122,3,4
2212,2024-03-22,296,11,1
2213,2024-03-08,288,1,1
2214,2024-07-29,222,17,2
2215,2024-09-14,141,14,3
2216,2024-10-07,205,13,4
2217,2024-02-06,130,5,3
2218,2024-11-17,227,7,3
2219,2024-08-20,279,4,4
2220,2024-06-14,108,1,4
2221,2024-08-26,223,10,1
2222,2024-11-11,141,13,4
2223,2024-02-22,212,15,4
2224,2024-02-08,145,11,1
2225,2024-12-03,264,9,3
2226,2024-12-20,188,16,4
2227,2024-12-20,144,6,1
2228,2024-10-27,286,14,3
2229,2024-05-10,289,10,4
2230,2024-02-14,235,18,4
2231,2024-12-26,127,10,1
2232,2024-06-06,103,17,4
2233,2024-04-19,281,11,3
2234,2024-10-12,262,15,3
2235,2024-01-25,137,13,2
2236,2024-01-24,189,6,1
2237,2024-07-31,180,15,2
2238,2024-05-24,268,15,2
2239,2024-12-10,125,5,4
2240,2024-09-06,247,3,2
2241,2024-02-23,105,8,2
2242,2024-04-21,199,3,3
2243,2024-08-03,108,5,4
2244,2024-07-12,112,1,3
2245,2024-04-20,230,15,1
2246,2024-05-14,116,18,4
2247,2024-03-12,140,4,4
2248,2024-03-28,172,2,1
2249,2024-10-27,176,14,3
2250,2024-09-12,260,20,4
2251,2024-01-20,120,10,3
2252,2024-03-27,279,15,3
2253,2024-11-18,172,20,1
2254,2024-09-07,133,18,4
2255,2024-01-16,170,14,2
2256,2024-08-13,230,2,2
2257,2024-05-21,217,10,1
2258,2024-06-04,233,16,1
2259,2024-10-19,251,16,1
2260,2024-10-25,111,17,3
2261,2024-05-22,178,1,2
2262,2024-05-13,184,6,3
2263,2024-03-25,264,14,1
2264,2024-01-25,274,3,3
2265,2024-07-09,160,2,1
2266,2024-02-28,141,11,4
2267,2024-12-05,160,13,4
2268,2024-02-22,173,20,2
2269,2024-08-09,299,12,4
2270,2024-09-19,177,7,4
2271,2024-10-25,228,18,2
2272,2024-03-27,132,10,3
2273,2024-07-14,298,18,2
2274,2024-09-18,203,2,2
2275,2024-10-22,253,2,3
2276,2024-04-28,170,6,4
2277,2024-03-26,288,7,2
2278,2024-01-07,142,12,4
2279,2024-01-13,209,4,3
2280,2024-04-15,205,11,3
2281,2024-02-19,195,12,2
2282,2024-08-08,189,6,3
2283,2024-09-04,147,3,1
2284,2024-08-17,262,14,4
2285,2024-04-20,213,8,2
2286,2024-01-27,173,8,2
2287,2024-05-16,252,4,1
2288,2024-05-02,205,2,3
2289,2024-06-12,203,2,1
2290,2024-11-04,269,12,4
2291,2024-07-27,224,13,4
2292,2024-08-30,116,13,2
2293,2024-11-11,103,9,2
2294,2024-10-23,244,2,3
2295,2024-02-07,240,7,2
2296,2024-08-26,268,13,1
2297,2024-03-07,185,17,3
2298,2024-04-11,229,15,1
2299,2024-01-08,215,3,4
2300,2024-02-29,262,15,1
2301,2024-02-19,216,6,2
2302,2024-12-09,248,10,2
2303,2024-04-19,268,3,3
2304,2024-11-22,165,15,1
2305,2024-11-02,259,17,2
2306,2024-08-16,272,16,2
2307,2024-08-02,123,18,4
2308,2024-07-13,248,3,1
2309,2024-11-21,256,14,2
2310,2024-03-09,294,10,2
2311,2024-05-07,224,9,1
2312,2024-08-08,255,19,4
2313,2024-02-08,137,1,1
2314,2024-01-20,118,13,1
2315,2024-11-01,184,5,1
2316,2024-08-10,240,5,3
2317,2024-02-02,176,3,2
2318,2024-08-28,207,6,1
2319,2024-02-18,210,19,3
2320,2024-01-23,294,6,3
2321,2024-07-22,179,12,2
2322,2024-06-13,234,6,1
2323,2024-03-09,240,4,4
2324,2024-06-06,161,1,2
2325,2024-07-11,296,18,2
2326,2024-08-15,212,20,4
2327,2024-04-04,292,12,2
2328,2024-09-25,187,17,3
2329,2024-10-26,139,17,1
2330,2024-11-13,281,3,4
2331,2024-09-21,160,2,4
2332,2024-03-17,137,9,2
2333,2024-08-03,294,9,3
2334,2024-05-22,249,18,2
2335,2024-09-11,248,15,4
2336,2024-10-10,297,9,3
2337,2024-10-29,184,6,1
2338,2024-03-27,128,14,2
2339,2024-03-02,214,14,3
2340,2024-05-14,151,6,1
2341,2024-03-04,168,11,4
2342,2024-10-29,220,19,3
2343,2024-03-13,189,14,4
2344,2024-04-28,213,2,4
2345,2024-10-06,233,7,2
2346,2024-11-15,236,4,2
2347,2024-09-05,282,14,3
2348,2024-09-28,290,8,2
2349,2024-11-14,109,18,1
2350,2024-07-26,243,20,1
2351,2024-04-08,287,1,4
2352,2024-02-26,241,12,2
2353,2024-10-23,297,2,4
2354,2024-02-27,157,4,4
2355,2024-12-11,266,3,3
2356,2024-11-09,233,6,1
2357,2024-01-26,295,3,1
2358,2024-03-03,237,7,4
2359,2024-11-06,230,12,4
2360,2024-08-04,103,16,4
2361,2024-12-07,219,20,1
2362,2024-10-08,240,3,2
2363,2024-04-04,108,12,4
2364,2024-01-07,109,16,1
2365,2024-09-20,299,20,2
2366,2024-05-30,102,4,4
2367,2024-09-08,148,7,2
2368,2024-09-15,250,4,1
2369,2024-05-05,295,13,2
2370,2024-07-01,125,16,3
2371,2024-12-06,276,2,4
2372,2024-05-12,199,20,2
2373,2024-05-02,189,4,3
2374,2024-08-13,104,9,2
2375,2024-06-05,121,6,2
2376,2024-09-05,269,14,4
2377,2024-10-05,270,18,3
2378,2024-04-11,127,13,2
2379,2024-11-05,167,20,2
2380,2024-03-04,136,5,3
2381,2024-04-15,123,6,4
2382,2024-07-25,197,11,1
2383,2024-09-12,282,6,3
2384,2024-06-16,220,3,4
2385,2024-12-04,135,6,4
2386,2024-11-21,181,19,3
2387,2024-12-04,297,1,4
2388,2024-05-04,296,20,1
2389,2024-06-09,150,15,2
2390,2024-01-19,148,9,3
2391,2024-05-11,235,13,3
2392,2024-04-03,297,7,1
2393,2024-01-03,208,10,1
2394,2024-01-27,268,4,1
2395,2024-05-22,148,7,4
2396,2024-05-09,119,17,4
2397,2024-10-18,236,7,3
2398,2024-04-06,136,18,1
2399,2024-01-04,209,11,2
2400,2024-12-09,209,7,1
2401,2024-08-07,131,20,1
2402,2024-05-15,145,4,1
2403,2024-07-26,254,20,1
2404,2024-07-03,139,8,4
2405,2024-12-29,239,1,4
2406,2024-08-23,236,4,3
2407,2024-01-12,198,20,1
2408,2024-06-13,125,15,3
2409,2024-12-16,217,11,2
2410,2024-12-05,213,10,3
2411,2024-09-06,276,8,2
2412,2024-11-05,238,3,1
2413,2024-06-29,158,15,4
2414,2024-10-11,143,7,1
2415,2024-05-07,110,11,1
2416,2024-02-29,183,17,3
2417,2024-05-11,202,16,1
2418,2024-06-10,145,11,4
2419,2024-09-14,122,7,4
2420,2024-06-21,106,11,2
2421,2024-07-27,247,6,2
2422,2024-12-23,273,10,3
2423,2024-01-30,109,6,2
2424,2024-03-22,275,19,4
2425,2024-02-07,233,3,3
2426,2024-07-17,175,20,3
2427,2024-08-20,231,7,4
2428,2024-03-10,155,4,3
2429,2024-07-03,172,19,4
2430,2024-02-07,118,4,2
2431,2024-04-23,206,4,3
2432,2024-09-21,230,14,3
2433,2024-04-28,253,2,3
2434,2024-01-11,262,8,4
2435,2024-07-16,300,14,2
2436,2024-09-20,254,10,4
2437,2024-08-26,150,5,2
2438,2024-01-09,226,7,1
2439,2024-08-13,254,14,1
2440,2024-01-29,287,19,3
2441,2024-09-20,222,13,1
2442,2024-05-21,225,2,4
2443,2024-05-21,213,10,1
2444,2024-07-27,131,11,1
2445,2024-06-28,195,5,1
2446,2024-04-02,130,7,1
2447,2024-03-03,251,14,3
2448,2024-03-23,194,18,4
2449,2024-04-01,228,8,3
2450,2024-04-14,165,5,1
2451,2024-08-28,155,4,2
2452,2024-01-26,132,5,2
2453,2024-10-10,113,2,1
2454,2024-09-19,155,18,3
2455,2024-07-22,249,4,2
2456,2024-09-20,146,16,2
2457,2024-06-24,250,20,2
2458,2024-02-13,242,7,4
2459,2024-11-18,197,8,1
2460,2024-11-27,272,11,4
2461,2024-05-16,247,5,1
2462,2024-07-10,199,14,4
2463,2024-06-08,262,13,3
2464,2024-02-17,257,3,3
2465,2024-12-04,143,6,2
2466,2024-06-29,191,11,3
2467,2024-07-24,287,11,2
2468,2024-04-26,161,10,1
2469,2024-03-10,241,13,2
2470,2024-11-16,206,13,3
2471,2024-08-24,260,7,4
2472,2024-10-18,124,6,1
2473,2024-06-13,283,6,4
2474,2024-03-20,231,3,3
2475,2024-03-01,160,11,2
2476,2024-12-13,101,10,2
2477,2024-07-31,161,10,4
2478,2024-02-17,242,20,1
2479,2024-12-21,132,20,2
2480,2024-12-20,218,8,3
2481,2024-01-11,249,3,1
2482,2024-09-26,174,17,2
2483,2024-02-22,130,16,1
2484,2024-10-07,141,3,3
2485,2024-10-18,189,20,3
2486,2024-11-22,234,4,3
2487,2024-04-23,118,11,1
2488,2024-07-22,173,16,3
2489,2024-11-01,145,13,2
2490,2024-02-16,198,10,2
2491,2024-09-09,115,6,1
2492,2024-11-20,128,18,2
2493,2024-06-29,151,5,2
2494,2024-03-19,281,9,4
2495,2024-12-24,113,6,2
2496,2024-11-15,115,10,3
2497,2024-11-05,225,7,3
2498,2024-10-21,151,2,3
2499,2024-03-28,149,20,1
2500,2024-02-24,108,6,3
2501,2024-09-20,189,14,4
2502,2024-07-03,242,19,4
2503,2024-12-21,107,20,1
2504,2024-07-09,232,17,2
2505,2024-12-20,297,6,4
2506,2024-10-08,296,13,2
2507,2024-12-28,215,15,1
2508,2024-05-06,239,9,1
2509,2024-02-29,195,3,1
2510,2024-04-10,275,19,1
2511,2024-11-16,204,6,1
2512,2024-07-31,236,8,4
2513,2024-09-02,216,16,1
2514,2024-01-08,152,20,2
2515,2024-11-13,296,17,3
2516,2024-06-10,261,1,4
2517,2024-09-20,205,11,3
2518,2024-02-29,267,12,1
2519,2024-07-30,226,7,1
2520,2024-02-08,147,15,4
2521,2024-02-02,195,13,4
2522,2024-06-01,183,18,2
2523,2024-01-14,260,7,1
2524,2024-08-06,194,4,2
2525,2024-12-13,265,12,4
2526,2024-10-06,297,2,1
2527,2024-04-26,147,3,2
2528,2024-12-28,127,3,4
2529,2024-11-14,198,13,4
2530,2024-09-22,107,10,4
2531,2024-10-08,199,4,4
2532,2024-09-12,292,20,4
2533,2024-04-15,139,3,1
2534,2024-11-20,262,18,1
2535,2024-01-29,284,7,1
2536,2024-09-29,174,10,1
2537,2024-08-10,203,18,4
2538,2024-08-07,165,15,3
2539,2024-06-08,221,14,3
2540,2024-11-03,274,8,4
2541,2024-02-06,136,15,4
2542,2024-02-13,153,9,1
2543,2024-12-03,110,10,3
2544,2024-04-09,154,9,3
2545,2024-02-23,271,17,2
2546,2024-12-15,282,18,4
2547,2024-04-06,208,15,1
2548,2024-11-28,110,16,3
2549,2024-11-02,104,12,4
2550,2024-10-23,142,6,1
2551,2024-07-14,182,20,1
2552,2024-06-17,294,19,3
2553,2024-02-09,120,4,4
2554,2024-04-17,262,3,3
2555,2024-10-12,112,11,4
2556,2024-03-12,106,7,3
2557,2024-10-10,276,15,1
2558,2024-02-07,248,16,2
2559,2024-11-13,276,5,2
2560,2024-07-11,128,12,4
2561,2024-08-30,175,18,3
2562,2024-05-26,111,16,4
2563,2024-11-24,212,20,4
2564,2024-11-26,199,9,1
2565,2024-03-16,179,3,4
2566,2024-01-25,219,10,3
2567,2024-07-03,197,2,4
2568,2024-09-05,195,7,2
2569,2024-10-26,259,18,4
2570,2024-08-22,221,15,1
2571,2024-06-01,169,20,4
2572,2024-10-01,178,1,2
2573,2024-09-15,231,9,3
2574,2024-06-21,250,20,1
2575,2024-01-05,101,8,1
2576,2024-07-20,215,12,4
2577,2024-02-22,181,14,2
2578,2024-11-07,207,4,4
2579,2024-06-30,189,16,1
2580,2024-06-15,244,8,3
2581,2024-04-19,107,1,2
2582,2024-09-19,200,19,1
2583,2024-09-13,203,10,2
2584,2024-01-15,101,19,4
2585,2024-05-30,272,8,3
2586,2024-08-17,291,1,2
2587,2024-05-13,192,18,4
2588,2024-03-26,232,13,4
2589,2024-10-02,156,2,1
2590,2024-06-25,162,14,2
2591,2024-09-21,226,1,3
2592,2024-10-09,171,17,4
2593,2024-03-26,108,17,4
2594,2024-03-22,182,9,1
2595,2024-10-08,141,5,2
2596,2024-03-18,170,17,3
2597,2024-09-06,153,12,2
2598,2024-03-02,297,14,2
2599,2024-04-26,148,1,4
2600,2024-11-04,240,16,2
2601,2024-12-03,224,5,3
2602,2024-09-29,190,10,3
2603,2024-09-21,184,6,1
2604,2024-08-27,120,11,4
2605,2024-03-07,123,4,2
2606,2024-08-07,171,15,1
2607,2024-01-30,117,7,3
2608,2024-08-10,166,3,2
2609,2024-08-11,271,18,2
2610,2024-12-15,169,4,2
2611,2024-09-02,247,15,1
2612,2024-01-28,276,6,1
2613,2024-01-18,200,1,4
2614,2024-09-03,179,13,1
2615,2024-01-28,184,11,3
2616,2024-01-13,186,2,3
2617,2024-04-14,272,17,1
2618,2024-01-04,160,19,1
2619,2024-08-15,206,9,3
2620,2024-09-24,275,20,3
2621,2024-04-19,215,17,1
2622,2024-12-17,127,20,4
2623,2024-10-10,188,12,3
2624,2024-12-31,229,7,2
2625,2024-01-16,254,2,2
2626,2024-02-08,169,17,4
2627,2024-10-02,278,4,4
2628,2024-05-18,124,5,2
2629,2024-01-17,163,7,2
2630,2024-04-23,159,12,4
2631,2024-09-24,105,5,2
2632,2024-01-12,234,10,1
2633,2024-06-07,289,8,1
2634,2024-11-13,278,5,4
2635,2024-02-24,206,18,2
2636,2024-04-24,208,2,4
2637,2024-06-10,229,6,2
2638,2024-12-15,132,7,1
2639,2024-12-24,284,3,1
2640,2024-07-06,202,14,1
2641,2024-09-29,123,1,2
2642,2024-08-04,196,4,1
2643,2024-03-27,254,1,3
2644,2024-09-13,122,15,3
2645,2024-04-05,187,4,2
2646,2024-07-11,191,2,1
2647,2024-03-22,276,20,1
2648,2024-12-12,199,16,4
2649,2024-05-27,153,4,4
2650,2024-06-12,237,7,4
2651,2024-07-27,105,6,3
2652,2024-09-04,274,13,3
2653,2024-05-28,276,8,1
2654,2024-10-08,138,14,2
2655,2024-01-30,244,3,2
2656,2024-12-11,142,6,2
2657,2024-08-01,150,8,2
2658,2024-06-26,122,16,4
2659,2024-10-12,285,6,4
2660,2024-01-22,297,14,3
2661,2024-04-30,127,5,3
2662,2024-12-02,137,19,1
2663,2024-02-13,230,3,3
2664,2024-11-12,239,19,3
2665,2024-03-17,256,14,1
2666,2024-11-17,149,3,3
2667,2024-01-28,148,11,2
2668,2024-11-26,134,7,1
2669,2024-10-29,185,15,4
2670,2024-09-24,126,13,2
2671,2024-10-10,133,18,4
2672,2024-10-17,261,9,3
2673,2024-09-17,211,13,3
2674,2024-09-08,117,12,1
2675,2024-01-05,272,12,4
2676,2024-06-16,131,12,2
2677,2024-08-21,169,8,2
2678,2024-10-10,263,9,3
2679,2024-05-18,280,19,3
2680,2024-01-29,244,6,1
2681,2024-01-25,272,14,2
2682,2024-11-22,204,12,2
2683,2024-01-18,247,13,3
2684,2024-07-24,172,13,2
2685,2024-02-12,197,3,2
2686,2024-03-04,280,1,4
2687,2024-10-18,126,16,4
2688,2024-06-19,207,9,2
2689,2024-08-08,148,6,3
2690,2024-04-05,120,11,4
2691,2024-03-01,192,7,4
2692,2024-02-28,226,5,4
2693,2024-05-15,233,3,4
2694,2024-01-20,295,12,2
2695,2024-06-25,128,11,3
2696,2024-04-03,240,15,2
2697,2024-06-16,147,10,2
2698,2024-05-17,138,13,2
2699,2024-08-19,113,13,4
2700,2024-04-05,126,11,2
2701,2024-08-10,202,18,3
2702,2024-05-09,172,19,3
2703,2024-10-12,139,1,4
2704,2024-02-06,280,10,1
2705,2024-10-02,157,6,3
2706,2024-09-20,186,15,2
2707,2024-01-02,209,14,1
2708,2024-07-09,144,18,3
2709,2024-03-25,272,10,1
2710,2024-06-10,217,13,3
2711,2024-04-09,195,5,3
2712,2024-12-10,231,9,2
2713,2024-07-11,233,14,1
2714,2024-02-26,133,9,4
2715,2024-02-24,159,10,3
2716,2024-10-13,109,16,1
2717,2024-04-03,105,4,3
2718,2024-04-04,255,19,3
2719,2024-07-22,122,14,1
2720,2024-07-27,216,17,4
2721,2024-11-10,149,16,4
2722,2024-02-19,202,13,4
2723,2024-07-12,218,7,2
2724,2024-08-14,106,6,4
2725,2024-07-15,167,12,4
2726,2024-01-29,134,16,1
2727,2024-09-20,218,19,1
2728,2024-02-13,225,6,1
2729,2024-02-29,144,9,2
2730,2024-01-29,245,17,1
2731,2024-07-17,119,11,1
2732,2024-08-27,163,5,3
2733,2024-10-04,192,3,1
2734,2024-08-19,254,13,1
2735,2024-09-14,240,17,1
2736,2024-10-16,144,12,4
2737,2024-08-22,138,11,2
2738,2024-05-05,219,5,4
2739,2024-02-09,261,9,2
2740,2024-12-09,263,8,2
2741,2024-10-31,158,19,4
2742,2024-04-28,276,12,2
2743,2024-08-14,287,13,1
2744,2024-10-19,284,6,3
2745,2024-06-12,228,14,3
2746,2024-10-02,279,14,1
2747,2024-11-10,231,13,1
2748,2024-11-24,219,10,2
2749,2024-11-25,228,7,2
2750,2024-05-04,197,6,4
2751,2024-04-30,259,2,2
2752,2024-07-11,265,11,1
2753,2024-02-12,148,18,4
2754,2024-04-22,299,2,1
2755,2024-09-11,240,10,1
2756,2024-12-02,107,18,2
2757,2024-02-28,298,2,4
2758,2024-05-14,297,16,1
2759,2024-03-15,275,15,4
2760,2024-12-28,116,19,4
2761,2024-01-26,232,4,2
2762,2024-06-11,260,15,1
2763,2024-01-12,168,4,1
2764,2024-02-22,162,11,3
2765,2024-07-01,179,8,3
2766,2024-05-03,121,20,1
2767,2024-01-22,243,15,1
2768,2024-07-21,268,19,3
2769,2024-05-19,170,3,2
2770,2024-08-17,114,2,4
2771,2024-11-23,258,9,2
2772,2024-07-17,248,11,2
2773,2024-08-17,261,11,1
2774,2024-11-09,230,17,3
2775,2024-06-09,222,17,2
2776,2024-05-08,278,19,3
2777,2024-02-04,243,20,4
2778,2024-07-03,224,5,3
2779,2024-05-05,131,11,1
2780,2024-01-23,195,3,4
2781,2024-06-10,275,8,2
2782,2024-11-07,205,2,4
2783,2024-08-15,147,12,3
2784,2024-12-07,251,3,4
2785,2024-09-23,144,5,3
2786,2024-03-03,279,13,3
2787,2024-02-12,237,1,1
2788,2024-03-05,275,15,2
2789,2024-10-10,267,19,4
2790,2024-07-23,278,19,4
2791,2024-05-17,215,13,2
2792,2024-10-27,224,6,1
2793,2024-03-31,210,2,1
2794,2024-11-20,151,11,4
2795,2024-01-26,226,18,1
2796,2024-09-05,283,12,4
2797,2024-03-29,168,17,1
2798,2024-02-05,165,9,4
2799,2024-08-23,223,14,2
2800,2024-10-17,154,8,3
2801,2024-02-01,283,13,1
2802,2024-07-15,286,14,3
2803,2024-05-11,218,12,3
2804,2024-04-14,105,8,3
2805,2024-07-11,217,4,2
2806,2024-11-11,245,3,3
2807,2024-02-12,204,1,1
2808,2024-10-20,244,18,3
2809,2024-01-19,121,12,3
2810,2024-04-26,209,5,3
2811,2024-09-28,172,20,2
2812,2024-10-09,260,9,2
2813,2024-07-31,253,19,4
2814,2024-04-05,238,14,3
2815,2024-07-21,245,18,1
2816,2024-07-04,101,16,3
2817,2024-02-08,168,16,2
2818,2024-05-05,270,15,4
2819,2024-01-30,217,13,4
2820,2024-07-05,135,6,1
2821,2024-06-14,161,9,3
2822,2024-11-14,102,6,1
2823,2024-05-08,227,12,4
2824,2024-12-07,157,11,3
2825,2024-07-25,186,2,1
2826,2024-09-09,261,7,2
2827,2024-05-05,282,1,3
2828,2024-12-21,112,16,4
2829,2024-12-03,109,7,2
2830,2024-12-05,208,16,3
2831,2024-09-27,300,15,3
2832,2024-08-02,141,14,4
2833,2024-04-10,230,16,2
2834,2024-10-24,207,12,3
2835,2024-12-22,151,5,3
2836,2024-02-21,170,7,3
2837,2024-03-02,259,7,1
2838,2024-11-10,266,7,3
2839,2024-02-09,271,17,4
2840,2024-08-17,181,16,1
2841,2024-07-22,157,13,3
2842,2024-07-24,198,5,1
2843,2024-12-25,235,12,1
2844,2024-07-17,119,13,2
2845,2024-06-06,172,1,2
2846,2024-05-13,107,19,2
2847,2024-03-25,281,3,2
2848,2024-07-11,234,2,2
2849,2024-04-27,208,11,4
2850,2024-04-16,189,9,2
2851,2024-04-17,150,20,2
2852,2024-01-05,207,3,1
2853,2024-08-07,192,18,1
2854,2024-02-09,123,15,1
2855,2024-06-12,107,15,1
2856,2024-04-23,227,19,2
2857,2024-11-23,163,9,4
2858,2024-02-05,273,3,3
2859,2024-09-18,297,15,1
2860,2024-08-27,240,17,4
2861,2024-09-28,271,1,3
2862,2024-04-29,140,3,4
2863,2024-01-22,153,3,2
2864,2024-01-14,269,4,1
2865,2024-11-28,250,10,4
2866,2024-05-05,192,4,4
2867,2024-12-05,164,12,2
2868,2024-07-08,226,5,3
2869,2024-03-08,297,8,1
2870,2024-01-21,101,17,3
2871,2024-07-03,226,11,2
2872,2024-05-22,209,8,4
2873,2024-06-04,138,20,3
2874,2024-01-21,105,3,2
2875,2024-07-08,201,13,2
2876,2024-10-24,232,7,4
2877,2024-04-18,295,9,1
2878,2024-12-01,261,20,3
2879,2024-11-28,173,16,3
2880,2024-05-10,158,5,4
2881,2024-07-01,256,19,2
2882,2024-09-01,146,16,1
2883,2024-09-29,189,10,3
2884,2024-07-14,231,8,4
2885,2024-12-29,205,20,3
2886,2024-06-19,137,10,1
2887,2024-11-05,140,17,1
2888,2024-07-23,188,6,2
2889,2024-03-02,230,6,3
2890,2024-05-01,296,1,4
2891,2024-08-31,117,20,3
2892,2024-07-13,115,18,2
2893,2024-12-10,120,5,1
2894,2024-05-09,177,7,2
2895,2024-07-11,184,19,1
2896,2024-05-02,268,13,2
2897,2024-03-21,111,14,3
2898,2024-09-09,273,16,1
2899,2024-09-04,103,3,4
2900,2024-05-20,184,20,2
2901,2024-04-27,172,15,3
2902,2024-05-11,180,9,2
2903,2024-07-14,290,9,2
2904,2024-04-19,260,3,1
2905,2024-11-10,266,12,3
2906,2024-08-01,271,20,3
2907,2024-10-07,192,2,1
2908,2024-12-21,179,8,1
2909,2024-07-17,183,13,2
2910,2024-08-01,210,11,1
2911,2024-04-03,149,8,2
2912,2024-07-27,294,14,4
2913,2024-06-12,124,13,1
2914,2024-10-10,186,16,4
2915,2024-01-17,288,2,1
2916,2024-12-05,240,7,2
2917,2024-11-26,137,8,1
2918,2024-08-07,242,9,4
2919,2024-07-16,256,6,2
2920,2024-10-10,183,12,4
2921,2024-12-12,279,6,1
2922,2024-06-01,158,10,4
2923,2024-06-19,258,15,4
2924,2024-11-14,186,4,4
2925,2024-08-13,124,11,2
2926,2024-11-02,152,2,4
2927,2024-05-30,267,20,3
2928,2024-06-10,115,14,2
2929,2024-05-13,163,11,4
2930,2024-08-31,300,12,1
2931,2024-03-21,239,13,2
2932,2024-09-13,181,20,3
2933,2024-09-04,230,7,1
2934,2024-06-12,223,4,4
2935,2024-06-01,228,20,4
2936,2024-04-01,167,4,3
2937,2024-11-17,212,11,4
2938,2024-06-18,187,2,2
2939,2024-12-26,238,16,1
2940,2024-11-16,136,13,3
2941,2024-03-20,298,15,4
2942,2024-09-23,195,20,1
2943,2024-10-16,169,8,4
2944,2024-04-11,211,12,3
2945,2024-03-01,201,15,4
2946,2024-09-15,267,2,1
2947,2024-05-11,224,6,1
2948,2024-10-09,262,2,2
2949,2024-06-15,165,17,3
2950,2024-06-25,125,18,3
2951,2024-03-11,261,10,4
2952,2024-05-10,210,14,4
2953,2024-11-12,147,1,1
2954,2024-04-25,275,7,3
2955,2024-12-10,216,15,2
2956,2024-05-25,249,14,1
2957,2024-12-14,260,8,2
2958,2024-06-02,211,8,3
2959,2024-03-01,250,5,4
2960,2024-12-03,143,13,2
2961,2024-10-15,164,3,1
2962,2024-07-04,206,10,1
2963,2024-04-14,219,11,2
2964,2024-03-06,284,18,3
2965,2024-09-10,238,8,3
2966,2024-05-18,156,4,1
2967,2024-12-12,290,8,3
2968,2024-05-24,297,16,4
2969,2024-12-29,120,1,1
2970,2024-05-31,168,4,4
2971,2024-03-07,119,2,4
2972,2024-12-30,275,6,3
2973,2024-03-02,161,14,2
2974,2024-09-29,122,16,3
2975,2024-12-16,227,13,4
2976,2024-08-05,221,9,3
2977,2024-03-04,251,17,1
2978,2024-06-29,108,20,2
2979,2024-08-09,231,2,3
2980,2024-09-21,181,1,4
2981,2024-02-18,235,8,4
2982,2024-01-22,266,3,2
2983,2024-10-02,116,14,3
2984,2024-01-07,291,18,1
2985,2024-12-19,117,1,4
2986,2024-11-25,196,11,4
2987,2024-01-18,291,16,1
2988,2024-07-01,242,10,1
2989,2024-02-23,157,7,3
2990,2024-10-19,231,18,1
2991,2024-02-19,284,16,3
2992,2024-09-04,185,18,4
2993,2024-08-10,159,19,4
2994,2024-05-17,178,19,3
2995,2024-12-25,172,15,3
2996,2024-02-28,260,4,1
2997,2024-08-27,122,11,1
2998,2024-05-01,261,17,3
2999,2024-09-03,256,3,4
3000,2024-10-09,252,11,2
